agent,bias,bw,density,file,hitmiss,measure,ngrams,reward,sample,wsize
oie,0.0,5.0,gausset,/almac/ignacio/results_srl_env/wsize-8/sample-210/oie_bias-0.0_hitmiss-1.0_bw-5.0_density-gausset_ngrams-2t4.csv,1.0,IZY_IZX_IYX,2t4,0.261797093321,210,8
oie,0.0,3.0,gausset,/almac/ignacio/results_srl_env/wsize-8/sample-210/oie_bias-0.0_hitmiss-1.0_bw-3.0_density-gausset_ngrams-1t4.csv,1.0,IZY_IZX_IYX,1t4,0.15886692781700001,210,8
oie,2.0,5.0,gausset,/almac/ignacio/results_srl_env/wsize-8/sample-210/oie_bias-2.0_hitmiss-1.0_bw-5.0_density-gausset_ngrams-2t4.csv,1.0,IZY_IZX_IYX,2t4,0.040434017422699996,210,8
oie,2.0,4.0,gausset,/almac/ignacio/results_srl_env/wsize-8/sample-210/oie_bias-2.0_hitmiss-1.0_bw-4.0_density-gausset_ngrams-2t4.csv,1.0,IZY_IZX_IYX,2t4,0.00382294325435,210,8
oie,2.0,5.0,gausset,/almac/ignacio/results_srl_env/wsize-8/sample-210/oie_bias-2.0_hitmiss-1.0_bw-5.0_density-gausset_ngrams-3t4.csv,1.0,IZY_IZX_IYX,3t4,0.00347717886497,210,8
oie,0.0,4.0,gausset,/almac/ignacio/results_srl_env/wsize-8/sample-210/oie_bias-0.0_hitmiss-1.0_bw-4.0_density-gausset_ngrams-1t3.csv,1.0,IZY_IZX_IYX,1t3,0.0030847500717600005,210,8
oie,0.0,5.0,gausset,/almac/ignacio/results_srl_env/wsize-8/sample-210/oie_bias-0.0_hitmiss-1.0_bw-5.0_density-gausset_ngrams-3t4.csv,1.0,IZY_IZX_IYX,3t4,0.000373431433209,210,8
oie,0.0,3.0,gausset,/almac/ignacio/results_srl_env/wsize-8/sample-210/oie_bias-0.0_hitmiss-1.0_bw-3.0_density-gausset_ngrams-2t4.csv,1.0,IZY_IZX_IYX,2t4,0.000137182618042,210,8
oie,0.0,2.0,gausset,/almac/ignacio/results_srl_env/wsize-8/sample-210/oie_bias-0.0_hitmiss-1.0_bw-2.0_density-gausset_ngrams-1t4.csv,1.0,IZY_IZX_IYX,1t4,0.000134085861407,210,8
oie,0.0,4.0,gausset,/almac/ignacio/results_srl_env/wsize-8/sample-210/oie_bias-0.0_hitmiss-1.0_bw-4.0_density-gausset_ngrams-1t4.csv,1.0,IZY_IZX_IYX,1t4,0.00011899315678899999,210,8
oie,2.0,2.0,gausset,/almac/ignacio/results_srl_env/wsize-8/sample-210/oie_bias-2.0_hitmiss-1.0_bw-2.0_density-gausset_ngrams-1t4.csv,1.0,IZY_IZX_IYX,1t4,6.82709204127e-05,210,8
oie,2.0,4.0,gausset,/almac/ignacio/results_srl_env/wsize-8/sample-210/oie_bias-2.0_hitmiss-1.0_bw-4.0_density-gausset_ngrams-3t4.csv,1.0,IZY_IZX_IYX,3t4,6.32791734519e-05,210,8
oie,2.0,4.0,expset,/almac/ignacio/results_srl_env/wsize-8/sample-210/oie_bias-2.0_hitmiss-1.0_bw-4.0_density-expset_ngrams-1t3.csv,1.0,IZY_IZX_IYX,1t3,5.61392813378e-05,210,8
oie,2.0,4.0,expset,/almac/ignacio/results_srl_env/wsize-8/sample-210/oie_bias-2.0_hitmiss-1.0_bw-4.0_density-expset_ngrams-1t4.csv,1.0,IZY_IZX_IYX,1t4,5.61392813378e-05,210,8
oie,2.0,4.0,expset,/almac/ignacio/results_srl_env/wsize-8/sample-210/oie_bias-2.0_hitmiss-1.0_bw-4.0_density-expset_ngrams-1t2.csv,1.0,IZY_IZX_IYX,1t2,5.61392809553e-05,210,8
oie,2.0,5.0,expset,/almac/ignacio/results_srl_env/wsize-8/sample-210/oie_bias-2.0_hitmiss-1.0_bw-5.0_density-expset_ngrams-1t3.csv,1.0,IZY_IZX_IYX,1t3,5.47285385746e-05,210,8
oie,2.0,5.0,expset,/almac/ignacio/results_srl_env/wsize-8/sample-210/oie_bias-2.0_hitmiss-1.0_bw-5.0_density-expset_ngrams-1t4.csv,1.0,IZY_IZX_IYX,1t4,5.47285385746e-05,210,8
oie,2.0,5.0,expset,/almac/ignacio/results_srl_env/wsize-8/sample-210/oie_bias-2.0_hitmiss-1.0_bw-5.0_density-expset_ngrams-1t2.csv,1.0,IZY_IZX_IYX,1t2,5.47285385613e-05,210,8
oie,0.0,5.0,gausset,/almac/ignacio/results_srl_env/wsize-8/sample-210/oie_bias-0.0_hitmiss-1.0_bw-5.0_density-gausset_ngrams-1t4.csv,1.0,IZY_IZX_IYX,1t4,4.59048517266e-05,210,8
oie,2.0,3.0,expset,/almac/ignacio/results_srl_env/wsize-8/sample-210/oie_bias-2.0_hitmiss-1.0_bw-3.0_density-expset_ngrams-1t4.csv,1.0,IZY_IZX_IYX,1t4,4.18003569215e-05,210,8
oie,2.0,3.0,expset,/almac/ignacio/results_srl_env/wsize-8/sample-210/oie_bias-2.0_hitmiss-1.0_bw-3.0_density-expset_ngrams-1t3.csv,1.0,IZY_IZX_IYX,1t3,4.18003569212e-05,210,8
oie,2.0,3.0,expset,/almac/ignacio/results_srl_env/wsize-8/sample-210/oie_bias-2.0_hitmiss-1.0_bw-3.0_density-expset_ngrams-1t2.csv,1.0,IZY_IZX_IYX,1t2,4.18003145432e-05,210,8
oie,2.0,3.0,gausset,/almac/ignacio/results_srl_env/wsize-8/sample-210/oie_bias-2.0_hitmiss-1.0_bw-3.0_density-gausset_ngrams-1t3.csv,1.0,IZY_IZX_IYX,1t3,4.02914982367e-05,210,8
oie,0.0,5.0,expset,/almac/ignacio/results_srl_env/wsize-8/sample-210/oie_bias-0.0_hitmiss-1.0_bw-5.0_density-expset_ngrams-1t4.csv,1.0,IZY_IZX_IYX,1t4,2.6259627536999995e-05,210,8
oie,0.0,5.0,expset,/almac/ignacio/results_srl_env/wsize-8/sample-210/oie_bias-0.0_hitmiss-1.0_bw-5.0_density-expset_ngrams-1t3.csv,1.0,IZY_IZX_IYX,1t3,2.6259627536999995e-05,210,8
oie,0.0,5.0,expset,/almac/ignacio/results_srl_env/wsize-8/sample-210/oie_bias-0.0_hitmiss-1.0_bw-5.0_density-expset_ngrams-1t2.csv,1.0,IZY_IZX_IYX,1t2,2.62596270076e-05,210,8
oie,5.0,3.0,gausset,/almac/ignacio/results_srl_env/wsize-8/sample-210/oie_bias-5.0_hitmiss-1.0_bw-3.0_density-gausset_ngrams-3t4.csv,1.0,IZY_IZX_IYX,3t4,2.01715054902e-05,210,8
oie,0.0,5.0,gausset,/almac/ignacio/results_srl_env/wsize-8/sample-210/oie_bias-0.0_hitmiss-1.0_bw-5.0_density-gausset_ngrams-1t3.csv,1.0,IZY_IZX_IYX,1t3,1.31659737343e-05,210,8
oie,0.0,5.0,gausset,/almac/ignacio/results_srl_env/wsize-8/sample-210/oie_bias-0.0_hitmiss-1.0_bw-5.0_density-gausset_ngrams-2t3.csv,1.0,IZY_IZX_IYX,2t3,1.06468112914e-05,210,8
oie,2.0,2.0,expset,/almac/ignacio/results_srl_env/wsize-8/sample-210/oie_bias-2.0_hitmiss-1.0_bw-2.0_density-expset_ngrams-1t4.csv,1.0,IZY_IZX_IYX,1t4,9.55679557795e-06,210,8
oie,2.0,2.0,expset,/almac/ignacio/results_srl_env/wsize-8/sample-210/oie_bias-2.0_hitmiss-1.0_bw-2.0_density-expset_ngrams-1t3.csv,1.0,IZY_IZX_IYX,1t3,9.55679549147e-06,210,8
oie,2.0,2.0,expset,/almac/ignacio/results_srl_env/wsize-8/sample-210/oie_bias-2.0_hitmiss-1.0_bw-2.0_density-expset_ngrams-1t2.csv,1.0,IZY_IZX_IYX,1t2,9.555700797189999e-06,210,8
oie,0.0,1.0,expset,/almac/ignacio/results_srl_env/wsize-8/sample-210/oie_bias-0.0_hitmiss-1.0_bw-1.0_density-expset_ngrams-3t4.csv,1.0,IZY_IZX_IYX,3t4,7.872097033e-06,210,8
oie,0.0,2.0,gausset,/almac/ignacio/results_srl_env/wsize-8/sample-210/oie_bias-0.0_hitmiss-1.0_bw-2.0_density-gausset_ngrams-3t4.csv,1.0,IZY_IZX_IYX,3t4,7.06736481855e-06,210,8
oie,5.0,2.0,gausset,/almac/ignacio/results_srl_env/wsize-8/sample-210/oie_bias-5.0_hitmiss-1.0_bw-2.0_density-gausset_ngrams-1t4.csv,1.0,IZY_IZX_IYX,1t4,4.52823224952e-06,210,8
oie,0.0,4.0,gausset,/almac/ignacio/results_srl_env/wsize-8/sample-210/oie_bias-0.0_hitmiss-1.0_bw-4.0_density-gausset_ngrams-3t4.csv,1.0,IZY_IZX_IYX,3t4,3.9849725396e-06,210,8
oie,0.0,3.0,gausset,/almac/ignacio/results_srl_env/wsize-8/sample-210/oie_bias-0.0_hitmiss-1.0_bw-3.0_density-gausset_ngrams-1t3.csv,1.0,IZY_IZX_IYX,1t3,3.09073725613e-06,210,8
oie,0.0,3.0,gausset,/almac/ignacio/results_srl_env/wsize-8/sample-210/oie_bias-0.0_hitmiss-1.0_bw-3.0_density-gausset_ngrams-3t4.csv,1.0,IZY_IZX_IYX,3t4,1.6536843725e-06,210,8
oie,2.0,3.0,gausset,/almac/ignacio/results_srl_env/wsize-8/sample-210/oie_bias-2.0_hitmiss-1.0_bw-3.0_density-gausset_ngrams-3t4.csv,1.0,IZY_IZX_IYX,3t4,7.5300982966e-07,210,8
oie,0.0,4.0,gausset,/almac/ignacio/results_srl_env/wsize-8/sample-210/oie_bias-0.0_hitmiss-1.0_bw-4.0_density-gausset_ngrams-2t4.csv,1.0,IZY_IZX_IYX,2t4,5.742219612939999e-07,210,8
oie,2.0,3.0,gausset,/almac/ignacio/results_srl_env/wsize-8/sample-210/oie_bias-2.0_hitmiss-1.0_bw-3.0_density-gausset_ngrams-1t4.csv,1.0,IZY_IZX_IYX,1t4,5.665773230949999e-07,210,8
oie,2.0,5.0,gausset,/almac/ignacio/results_srl_env/wsize-8/sample-210/oie_bias-2.0_hitmiss-1.0_bw-5.0_density-gausset_ngrams-2t3.csv,1.0,IZY_IZX_IYX,2t3,4.10989293507e-07,210,8
oie,0.0,1.0,gausset,/almac/ignacio/results_srl_env/wsize-8/sample-210/oie_bias-0.0_hitmiss-1.0_bw-1.0_density-gausset_ngrams-3t4.csv,1.0,IZY_IZX_IYX,3t4,3.72784104163e-07,210,8
oie,5.0,4.0,gausset,/almac/ignacio/results_srl_env/wsize-8/sample-210/oie_bias-5.0_hitmiss-1.0_bw-4.0_density-gausset_ngrams-3t4.csv,1.0,IZY_IZX_IYX,3t4,2.28851367396e-07,210,8
oie,2.0,2.0,gausset,/almac/ignacio/results_srl_env/wsize-8/sample-210/oie_bias-2.0_hitmiss-1.0_bw-2.0_density-gausset_ngrams-3t4.csv,1.0,IZY_IZX_IYX,3t4,1.5408284049700002e-07,210,8
oie,5.0,5.0,gausset,/almac/ignacio/results_srl_env/wsize-8/sample-210/oie_bias-5.0_hitmiss-1.0_bw-5.0_density-gausset_ngrams-3t4.csv,1.0,IZY_IZX_IYX,3t4,1.2286307266e-07,210,8
oie,2.0,4.0,gausset,/almac/ignacio/results_srl_env/wsize-8/sample-210/oie_bias-2.0_hitmiss-1.0_bw-4.0_density-gausset_ngrams-2t3.csv,1.0,IZY_IZX_IYX,2t3,6.142912572150001e-08,210,8
oie,2.0,1.0,expset,/almac/ignacio/results_srl_env/wsize-8/sample-210/oie_bias-2.0_hitmiss-1.0_bw-1.0_density-expset_ngrams-1t4.csv,1.0,IZY_IZX_IYX,1t4,3.92680754982e-08,210,8
oie,2.0,1.0,expset,/almac/ignacio/results_srl_env/wsize-8/sample-210/oie_bias-2.0_hitmiss-1.0_bw-1.0_density-expset_ngrams-1t3.csv,1.0,IZY_IZX_IYX,1t3,3.92663926622e-08,210,8
oie,2.0,1.0,expset,/almac/ignacio/results_srl_env/wsize-8/sample-210/oie_bias-2.0_hitmiss-1.0_bw-1.0_density-expset_ngrams-1t2.csv,1.0,IZY_IZX_IYX,1t2,3.86959370309e-08,210,8
oie,2.0,2.0,gausset,/almac/ignacio/results_srl_env/wsize-8/sample-210/oie_bias-2.0_hitmiss-1.0_bw-2.0_density-gausset_ngrams-2t4.csv,1.0,IZY_IZX_IYX,2t4,3.6288767772900005e-08,210,8
oie,2.0,4.0,gausset,/almac/ignacio/results_srl_env/wsize-8/sample-210/oie_bias-2.0_hitmiss-1.0_bw-4.0_density-gausset_ngrams-1t4.csv,1.0,IZY_IZX_IYX,1t4,3.27361375017e-08,210,8
oie,5.0,5.0,expset,/almac/ignacio/results_srl_env/wsize-8/sample-210/oie_bias-5.0_hitmiss-1.0_bw-5.0_density-expset_ngrams-1t3.csv,1.0,IZY_IZX_IYX,1t3,2.2626533218500002e-08,210,8
oie,5.0,5.0,expset,/almac/ignacio/results_srl_env/wsize-8/sample-210/oie_bias-5.0_hitmiss-1.0_bw-5.0_density-expset_ngrams-1t4.csv,1.0,IZY_IZX_IYX,1t4,2.2626533218500002e-08,210,8
oie,5.0,5.0,expset,/almac/ignacio/results_srl_env/wsize-8/sample-210/oie_bias-5.0_hitmiss-1.0_bw-5.0_density-expset_ngrams-1t2.csv,1.0,IZY_IZX_IYX,1t2,2.26265326537e-08,210,8
oie,10.0,2.0,gausset,/almac/ignacio/results_srl_env/wsize-8/sample-210/oie_bias-10.0_hitmiss-1.0_bw-2.0_density-gausset_ngrams-3t4.csv,1.0,IZY_IZX_IYX,3t4,1.94360232082e-08,210,8
oie,2.0,4.0,gausset,/almac/ignacio/results_srl_env/wsize-8/sample-210/oie_bias-2.0_hitmiss-1.0_bw-4.0_density-gausset_ngrams-1t3.csv,1.0,IZY_IZX_IYX,1t3,1.74150414321e-08,210,8
oie,5.0,2.0,gausset,/almac/ignacio/results_srl_env/wsize-8/sample-210/oie_bias-5.0_hitmiss-1.0_bw-2.0_density-gausset_ngrams-3t4.csv,1.0,IZY_IZX_IYX,3t4,1.40381602301e-08,210,8
oie,8.0,4.0,gausset,/almac/ignacio/results_srl_env/wsize-8/sample-210/oie_bias-8.0_hitmiss-1.0_bw-4.0_density-gausset_ngrams-3t4.csv,1.0,IZY_IZX_IYX,3t4,1.24942914123e-08,210,8
oie,8.0,2.0,gausset,/almac/ignacio/results_srl_env/wsize-8/sample-210/oie_bias-8.0_hitmiss-1.0_bw-2.0_density-gausset_ngrams-3t4.csv,1.0,IZY_IZX_IYX,3t4,1.24359397858e-08,210,8
oie,5.0,4.0,expset,/almac/ignacio/results_srl_env/wsize-8/sample-210/oie_bias-5.0_hitmiss-1.0_bw-4.0_density-expset_ngrams-1t3.csv,1.0,IZY_IZX_IYX,1t3,1.0718594850399999e-08,210,8
oie,5.0,4.0,expset,/almac/ignacio/results_srl_env/wsize-8/sample-210/oie_bias-5.0_hitmiss-1.0_bw-4.0_density-expset_ngrams-1t4.csv,1.0,IZY_IZX_IYX,1t4,1.0718594850399999e-08,210,8
oie,5.0,4.0,expset,/almac/ignacio/results_srl_env/wsize-8/sample-210/oie_bias-5.0_hitmiss-1.0_bw-4.0_density-expset_ngrams-1t2.csv,1.0,IZY_IZX_IYX,1t2,1.07185926314e-08,210,8
oie,5.0,3.0,gausset,/almac/ignacio/results_srl_env/wsize-8/sample-210/oie_bias-5.0_hitmiss-1.0_bw-3.0_density-gausset_ngrams-2t4.csv,1.0,IZY_IZX_IYX,2t4,6.04168441465e-09,210,8
oie,5.0,5.0,gausset,/almac/ignacio/results_srl_env/wsize-8/sample-210/oie_bias-5.0_hitmiss-1.0_bw-5.0_density-gausset_ngrams-2t3.csv,1.0,IZY_IZX_IYX,2t3,4.44769498787e-09,210,8
oie,2.0,2.0,gausset,/almac/ignacio/results_srl_env/wsize-8/sample-210/oie_bias-2.0_hitmiss-1.0_bw-2.0_density-gausset_ngrams-1t3.csv,1.0,IZY_IZX_IYX,1t3,3.19761776383e-09,210,8
oie,2.0,3.0,gausset,/almac/ignacio/results_srl_env/wsize-8/sample-210/oie_bias-2.0_hitmiss-1.0_bw-3.0_density-gausset_ngrams-2t4.csv,1.0,IZY_IZX_IYX,2t4,2.55331697116e-09,210,8
oie,5.0,3.0,expset,/almac/ignacio/results_srl_env/wsize-8/sample-210/oie_bias-5.0_hitmiss-1.0_bw-3.0_density-expset_ngrams-1t4.csv,1.0,IZY_IZX_IYX,1t4,1.97480977359e-09,210,8
oie,5.0,3.0,expset,/almac/ignacio/results_srl_env/wsize-8/sample-210/oie_bias-5.0_hitmiss-1.0_bw-3.0_density-expset_ngrams-1t3.csv,1.0,IZY_IZX_IYX,1t3,1.97480977356e-09,210,8
oie,5.0,3.0,expset,/almac/ignacio/results_srl_env/wsize-8/sample-210/oie_bias-5.0_hitmiss-1.0_bw-3.0_density-expset_ngrams-1t2.csv,1.0,IZY_IZX_IYX,1t2,1.97480323835e-09,210,8
oie,8.0,5.0,expset,/almac/ignacio/results_srl_env/wsize-8/sample-210/oie_bias-8.0_hitmiss-1.0_bw-5.0_density-expset_ngrams-1t3.csv,1.0,IZY_IZX_IYX,1t3,1.96922053688e-09,210,8
oie,8.0,5.0,expset,/almac/ignacio/results_srl_env/wsize-8/sample-210/oie_bias-8.0_hitmiss-1.0_bw-5.0_density-expset_ngrams-1t4.csv,1.0,IZY_IZX_IYX,1t4,1.96922053688e-09,210,8
oie,8.0,5.0,expset,/almac/ignacio/results_srl_env/wsize-8/sample-210/oie_bias-8.0_hitmiss-1.0_bw-5.0_density-expset_ngrams-1t2.csv,1.0,IZY_IZX_IYX,1t2,1.9692204573399997e-09,210,8
oie,0.0,2.0,gausset,/almac/ignacio/results_srl_env/wsize-8/sample-210/oie_bias-0.0_hitmiss-1.0_bw-2.0_density-gausset_ngrams-2t4.csv,1.0,IZY_IZX_IYX,2t4,1.2033415821699999e-09,210,8
oie,0.0,4.0,expset,/almac/ignacio/results_srl_env/wsize-8/sample-210/oie_bias-0.0_hitmiss-1.0_bw-4.0_density-expset_ngrams-1t3.csv,1.0,IZY_IZX_IYX,1t3,1.10962460757e-09,210,8
oie,0.0,4.0,expset,/almac/ignacio/results_srl_env/wsize-8/sample-210/oie_bias-0.0_hitmiss-1.0_bw-4.0_density-expset_ngrams-1t4.csv,1.0,IZY_IZX_IYX,1t4,1.10962460757e-09,210,8
oie,0.0,4.0,expset,/almac/ignacio/results_srl_env/wsize-8/sample-210/oie_bias-0.0_hitmiss-1.0_bw-4.0_density-expset_ngrams-1t2.csv,1.0,IZY_IZX_IYX,1t2,1.10962431481e-09,210,8
oie,2.0,1.0,gausset,/almac/ignacio/results_srl_env/wsize-8/sample-210/oie_bias-2.0_hitmiss-1.0_bw-1.0_density-gausset_ngrams-3t4.csv,1.0,IZY_IZX_IYX,3t4,1.07040853688e-09,210,8
oie,8.0,4.0,expset,/almac/ignacio/results_srl_env/wsize-8/sample-210/oie_bias-8.0_hitmiss-1.0_bw-4.0_density-expset_ngrams-1t3.csv,1.0,IZY_IZX_IYX,1t3,9.04505838164e-10,210,8
oie,8.0,4.0,expset,/almac/ignacio/results_srl_env/wsize-8/sample-210/oie_bias-8.0_hitmiss-1.0_bw-4.0_density-expset_ngrams-1t4.csv,1.0,IZY_IZX_IYX,1t4,9.04505838164e-10,210,8
oie,8.0,4.0,expset,/almac/ignacio/results_srl_env/wsize-8/sample-210/oie_bias-8.0_hitmiss-1.0_bw-4.0_density-expset_ngrams-1t2.csv,1.0,IZY_IZX_IYX,1t2,9.045055374880001e-10,210,8
oie,10.0,5.0,expset,/almac/ignacio/results_srl_env/wsize-8/sample-210/oie_bias-10.0_hitmiss-1.0_bw-5.0_density-expset_ngrams-1t4.csv,1.0,IZY_IZX_IYX,1t4,8.414058965399999e-10,210,8
oie,10.0,5.0,expset,/almac/ignacio/results_srl_env/wsize-8/sample-210/oie_bias-10.0_hitmiss-1.0_bw-5.0_density-expset_ngrams-1t3.csv,1.0,IZY_IZX_IYX,1t3,8.414058965399999e-10,210,8
oie,10.0,3.0,gausset,/almac/ignacio/results_srl_env/wsize-8/sample-210/oie_bias-10.0_hitmiss-1.0_bw-3.0_density-gausset_ngrams-3t4.csv,1.0,IZY_IZX_IYX,3t4,6.20433114946e-10,210,8
oie,8.0,3.0,gausset,/almac/ignacio/results_srl_env/wsize-8/sample-210/oie_bias-8.0_hitmiss-1.0_bw-3.0_density-gausset_ngrams-3t4.csv,1.0,IZY_IZX_IYX,3t4,6.1040800831e-10,210,8
oie,10.0,4.0,expset,/almac/ignacio/results_srl_env/wsize-8/sample-210/oie_bias-10.0_hitmiss-1.0_bw-4.0_density-expset_ngrams-1t4.csv,1.0,IZY_IZX_IYX,1t4,3.91444685346e-10,210,8
oie,10.0,4.0,expset,/almac/ignacio/results_srl_env/wsize-8/sample-210/oie_bias-10.0_hitmiss-1.0_bw-4.0_density-expset_ngrams-1t3.csv,1.0,IZY_IZX_IYX,1t3,3.91444685346e-10,210,8
oie,10.0,4.0,expset,/almac/ignacio/results_srl_env/wsize-8/sample-210/oie_bias-10.0_hitmiss-1.0_bw-4.0_density-expset_ngrams-1t2.csv,1.0,IZY_IZX_IYX,1t2,3.9144453525999996e-10,210,8
oie,2.0,5.0,gausset,/almac/ignacio/results_srl_env/wsize-8/sample-210/oie_bias-2.0_hitmiss-1.0_bw-5.0_density-gausset_ngrams-1t2.csv,1.0,IZY_IZX_IYX,1t2,3.39655638686e-10,210,8
oie,0.0,2.0,gausset,/almac/ignacio/results_srl_env/wsize-8/sample-210/oie_bias-0.0_hitmiss-1.0_bw-2.0_density-gausset_ngrams-1t3.csv,1.0,IZY_IZX_IYX,1t3,2.65208235844e-10,210,8
oie,0.0,5.0,gausset,/almac/ignacio/results_srl_env/wsize-8/sample-210/oie_bias-0.0_hitmiss-1.0_bw-5.0_density-gausset_ngrams-1t2.csv,1.0,IZY_IZX_IYX,1t2,2.1447329510800002e-10,210,8
oie,8.0,3.0,expset,/almac/ignacio/results_srl_env/wsize-8/sample-210/oie_bias-8.0_hitmiss-1.0_bw-3.0_density-expset_ngrams-1t4.csv,1.0,IZY_IZX_IYX,1t4,1.5111004728299998e-10,210,8
oie,8.0,3.0,expset,/almac/ignacio/results_srl_env/wsize-8/sample-210/oie_bias-8.0_hitmiss-1.0_bw-3.0_density-expset_ngrams-1t3.csv,1.0,IZY_IZX_IYX,1t3,1.51110047281e-10,210,8
oie,8.0,3.0,expset,/almac/ignacio/results_srl_env/wsize-8/sample-210/oie_bias-8.0_hitmiss-1.0_bw-3.0_density-expset_ngrams-1t2.csv,1.0,IZY_IZX_IYX,1t2,1.51109353704e-10,210,8
oie,10.0,1.0,gausset,/almac/ignacio/results_srl_env/wsize-8/sample-210/oie_bias-10.0_hitmiss-1.0_bw-1.0_density-gausset_ngrams-3t4.csv,1.0,IZY_IZX_IYX,3t4,1.4462987977799998e-10,210,8
oie,2.0,5.0,gausset,/almac/ignacio/results_srl_env/wsize-8/sample-210/oie_bias-2.0_hitmiss-1.0_bw-5.0_density-gausset_ngrams-1t3.csv,1.0,IZY_IZX_IYX,1t3,1.36265292674e-10,210,8
oie,5.0,2.0,gausset,/almac/ignacio/results_srl_env/wsize-8/sample-210/oie_bias-5.0_hitmiss-1.0_bw-2.0_density-gausset_ngrams-2t4.csv,1.0,IZY_IZX_IYX,2t4,7.35911086853e-11,210,8
oie,10.0,3.0,expset,/almac/ignacio/results_srl_env/wsize-8/sample-210/oie_bias-10.0_hitmiss-1.0_bw-3.0_density-expset_ngrams-1t4.csv,1.0,IZY_IZX_IYX,1t4,6.522251212339999e-11,210,8
oie,10.0,3.0,expset,/almac/ignacio/results_srl_env/wsize-8/sample-210/oie_bias-10.0_hitmiss-1.0_bw-3.0_density-expset_ngrams-1t3.csv,1.0,IZY_IZX_IYX,1t3,6.52225121223e-11,210,8
oie,10.0,3.0,expset,/almac/ignacio/results_srl_env/wsize-8/sample-210/oie_bias-10.0_hitmiss-1.0_bw-3.0_density-expset_ngrams-1t2.csv,1.0,IZY_IZX_IYX,1t2,6.52221801426e-11,210,8
oie,8.0,1.0,gausset,/almac/ignacio/results_srl_env/wsize-8/sample-210/oie_bias-8.0_hitmiss-1.0_bw-1.0_density-gausset_ngrams-3t4.csv,1.0,IZY_IZX_IYX,3t4,5.816393848999999e-11,210,8
oie,2.0,5.0,gausset,/almac/ignacio/results_srl_env/wsize-8/sample-210/oie_bias-2.0_hitmiss-1.0_bw-5.0_density-gausset_ngrams-1t4.csv,1.0,IZY_IZX_IYX,1t4,4.3885736309e-11,210,8
oie,0.0,4.0,gausset,/almac/ignacio/results_srl_env/wsize-8/sample-210/oie_bias-0.0_hitmiss-1.0_bw-4.0_density-gausset_ngrams-2t3.csv,1.0,IZY_IZX_IYX,2t3,2.91826159031e-11,210,8
oie,5.0,2.0,expset,/almac/ignacio/results_srl_env/wsize-8/sample-210/oie_bias-5.0_hitmiss-1.0_bw-2.0_density-expset_ngrams-1t4.csv,1.0,IZY_IZX_IYX,1t4,2.02127066878e-11,210,8
oie,5.0,2.0,expset,/almac/ignacio/results_srl_env/wsize-8/sample-210/oie_bias-5.0_hitmiss-1.0_bw-2.0_density-expset_ngrams-1t3.csv,1.0,IZY_IZX_IYX,1t3,2.0212706339e-11,210,8
oie,5.0,2.0,expset,/almac/ignacio/results_srl_env/wsize-8/sample-210/oie_bias-5.0_hitmiss-1.0_bw-2.0_density-expset_ngrams-1t2.csv,1.0,IZY_IZX_IYX,1t2,2.0207841380000002e-11,210,8
oie,5.0,2.0,gausset,/almac/ignacio/results_srl_env/wsize-8/sample-210/oie_bias-5.0_hitmiss-1.0_bw-2.0_density-gausset_ngrams-1t3.csv,1.0,IZY_IZX_IYX,1t3,1.1638150399900001e-11,210,8
oie,5.0,1.0,gausset,/almac/ignacio/results_srl_env/wsize-8/sample-210/oie_bias-5.0_hitmiss-1.0_bw-1.0_density-gausset_ngrams-3t4.csv,1.0,IZY_IZX_IYX,3t4,1.00118802207e-11,210,8
oie,5.0,1.0,gausset,/almac/ignacio/results_srl_env/wsize-8/sample-210/oie_bias-5.0_hitmiss-1.0_bw-1.0_density-gausset_ngrams-1t4.csv,1.0,IZY_IZX_IYX,1t4,4.14172729929e-12,210,8
oie,0.0,4.0,gausset,/almac/ignacio/results_srl_env/wsize-8/sample-210/oie_bias-0.0_hitmiss-1.0_bw-4.0_density-gausset_ngrams-1t2.csv,1.0,IZY_IZX_IYX,1t2,1.88322579162e-12,210,8
oie,2.0,1.0,gausset,/almac/ignacio/results_srl_env/wsize-8/sample-210/oie_bias-2.0_hitmiss-1.0_bw-1.0_density-gausset_ngrams-1t4.csv,1.0,IZY_IZX_IYX,1t4,1.2529921251699999e-12,210,8
oie,8.0,2.0,expset,/almac/ignacio/results_srl_env/wsize-8/sample-210/oie_bias-8.0_hitmiss-1.0_bw-2.0_density-expset_ngrams-1t4.csv,1.0,IZY_IZX_IYX,1t4,1.13905485279e-12,210,8
oie,8.0,2.0,expset,/almac/ignacio/results_srl_env/wsize-8/sample-210/oie_bias-8.0_hitmiss-1.0_bw-2.0_density-expset_ngrams-1t3.csv,1.0,IZY_IZX_IYX,1t3,1.13905483018e-12,210,8
oie,8.0,2.0,expset,/almac/ignacio/results_srl_env/wsize-8/sample-210/oie_bias-8.0_hitmiss-1.0_bw-2.0_density-expset_ngrams-1t2.csv,1.0,IZY_IZX_IYX,1t2,1.13873492155e-12,210,8
oie,0.0,3.0,expset,/almac/ignacio/results_srl_env/wsize-8/sample-210/oie_bias-0.0_hitmiss-1.0_bw-3.0_density-expset_ngrams-1t4.csv,1.0,IZY_IZX_IYX,1t4,6.200495495e-13,210,8
oie,0.0,3.0,expset,/almac/ignacio/results_srl_env/wsize-8/sample-210/oie_bias-0.0_hitmiss-1.0_bw-3.0_density-expset_ngrams-1t3.csv,1.0,IZY_IZX_IYX,1t3,6.20049549435e-13,210,8
oie,0.0,3.0,expset,/almac/ignacio/results_srl_env/wsize-8/sample-210/oie_bias-0.0_hitmiss-1.0_bw-3.0_density-expset_ngrams-1t2.csv,1.0,IZY_IZX_IYX,1t2,6.20048295392e-13,210,8
oie,10.0,2.0,expset,/almac/ignacio/results_srl_env/wsize-8/sample-210/oie_bias-10.0_hitmiss-1.0_bw-2.0_density-expset_ngrams-1t4.csv,1.0,IZY_IZX_IYX,1t4,4.640504878359999e-13,210,8
oie,10.0,2.0,expset,/almac/ignacio/results_srl_env/wsize-8/sample-210/oie_bias-10.0_hitmiss-1.0_bw-2.0_density-expset_ngrams-1t3.csv,1.0,IZY_IZX_IYX,1t3,4.64050478215e-13,210,8
oie,10.0,2.0,expset,/almac/ignacio/results_srl_env/wsize-8/sample-210/oie_bias-10.0_hitmiss-1.0_bw-2.0_density-expset_ngrams-1t2.csv,1.0,IZY_IZX_IYX,1t2,4.63913711145e-13,210,8
oie,8.0,1.0,gausset,/almac/ignacio/results_srl_env/wsize-8/sample-210/oie_bias-8.0_hitmiss-1.0_bw-1.0_density-gausset_ngrams-1t4.csv,1.0,IZY_IZX_IYX,1t4,4.3919522156700003e-13,210,8
oie,2.0,3.0,gausset,/almac/ignacio/results_srl_env/wsize-8/sample-210/oie_bias-2.0_hitmiss-1.0_bw-3.0_density-gausset_ngrams-2t3.csv,1.0,IZY_IZX_IYX,2t3,1.87577799648e-13,210,8
oie,2.0,4.0,gausset,/almac/ignacio/results_srl_env/wsize-8/sample-210/oie_bias-2.0_hitmiss-1.0_bw-4.0_density-gausset_ngrams-1t2.csv,1.0,IZY_IZX_IYX,1t2,1.51356498094e-13,210,8
oie,5.0,4.0,gausset,/almac/ignacio/results_srl_env/wsize-8/sample-210/oie_bias-5.0_hitmiss-1.0_bw-4.0_density-gausset_ngrams-2t3.csv,1.0,IZY_IZX_IYX,2t3,1.4433090427e-14,210,8
oie,0.0,2.0,expset,/almac/ignacio/results_srl_env/wsize-8/sample-210/oie_bias-0.0_hitmiss-1.0_bw-2.0_density-expset_ngrams-1t2.csv,1.0,IZY_IZX_IYX,1t2,1.2227506366e-14,210,8
oie,0.0,2.0,expset,/almac/ignacio/results_srl_env/wsize-8/sample-210/oie_bias-0.0_hitmiss-1.0_bw-2.0_density-expset_ngrams-1t4.csv,1.0,IZY_IZX_IYX,1t4,1.2224314587299999e-14,210,8
oie,0.0,2.0,expset,/almac/ignacio/results_srl_env/wsize-8/sample-210/oie_bias-0.0_hitmiss-1.0_bw-2.0_density-expset_ngrams-1t3.csv,1.0,IZY_IZX_IYX,1t3,1.22243138515e-14,210,8
oie,2.0,3.0,gausset,/almac/ignacio/results_srl_env/wsize-8/sample-210/oie_bias-2.0_hitmiss-1.0_bw-3.0_density-gausset_ngrams-1t2.csv,1.0,IZY_IZX_IYX,1t2,9.88662779505e-15,210,8
oie,5.0,3.0,gausset,/almac/ignacio/results_srl_env/wsize-8/sample-210/oie_bias-5.0_hitmiss-1.0_bw-3.0_density-gausset_ngrams-2t3.csv,1.0,IZY_IZX_IYX,2t3,9.4942492086e-15,210,8
oie,8.0,5.0,gausset,/almac/ignacio/results_srl_env/wsize-8/sample-210/oie_bias-8.0_hitmiss-1.0_bw-5.0_density-gausset_ngrams-3t4.csv,1.0,IZY_IZX_IYX,3t4,1.4907842808800001e-15,210,8
oie,0.0,1.0,gausset,/almac/ignacio/results_srl_env/wsize-8/sample-210/oie_bias-0.0_hitmiss-1.0_bw-1.0_density-gausset_ngrams-1t4.csv,1.0,IZY_IZX_IYX,1t4,1.1291203400599998e-15,210,8
oie,10.0,2.0,gausset,/almac/ignacio/results_srl_env/wsize-8/sample-210/oie_bias-10.0_hitmiss-1.0_bw-2.0_density-gausset_ngrams-2t4.csv,1.0,IZY_IZX_IYX,2t4,1.53860486611e-16,210,8
oie,5.0,5.0,gausset,/almac/ignacio/results_srl_env/wsize-8/sample-210/oie_bias-5.0_hitmiss-1.0_bw-5.0_density-gausset_ngrams-1t2.csv,1.0,IZY_IZX_IYX,1t2,6.76379424681e-17,210,8
oie,0.0,3.0,gausset,/almac/ignacio/results_srl_env/wsize-8/sample-210/oie_bias-0.0_hitmiss-1.0_bw-3.0_density-gausset_ngrams-2t3.csv,1.0,IZY_IZX_IYX,2t3,4.469480870009999e-18,210,8
oie,5.0,3.0,gausset,/almac/ignacio/results_srl_env/wsize-8/sample-210/oie_bias-5.0_hitmiss-1.0_bw-3.0_density-gausset_ngrams-1t2.csv,1.0,IZY_IZX_IYX,1t2,4.2775128457000006e-18,210,8
oie,8.0,3.0,gausset,/almac/ignacio/results_srl_env/wsize-8/sample-210/oie_bias-8.0_hitmiss-1.0_bw-3.0_density-gausset_ngrams-2t3.csv,1.0,IZY_IZX_IYX,2t3,2.4570472569599997e-18,210,8
oie,5.0,1.0,expset,/almac/ignacio/results_srl_env/wsize-8/sample-210/oie_bias-5.0_hitmiss-1.0_bw-1.0_density-expset_ngrams-1t4.csv,1.0,IZY_IZX_IYX,1t4,1.79559518431e-18,210,8
oie,5.0,1.0,expset,/almac/ignacio/results_srl_env/wsize-8/sample-210/oie_bias-5.0_hitmiss-1.0_bw-1.0_density-expset_ngrams-1t3.csv,1.0,IZY_IZX_IYX,1t3,1.7953618285e-18,210,8
oie,5.0,1.0,expset,/almac/ignacio/results_srl_env/wsize-8/sample-210/oie_bias-5.0_hitmiss-1.0_bw-1.0_density-expset_ngrams-1t2.csv,1.0,IZY_IZX_IYX,1t2,1.73598768104e-18,210,8
oie,8.0,2.0,gausset,/almac/ignacio/results_srl_env/wsize-8/sample-210/oie_bias-8.0_hitmiss-1.0_bw-2.0_density-gausset_ngrams-2t4.csv,1.0,IZY_IZX_IYX,2t4,5.95232835526e-19,210,8
oie,8.0,1.0,expset,/almac/ignacio/results_srl_env/wsize-8/sample-210/oie_bias-8.0_hitmiss-1.0_bw-1.0_density-expset_ngrams-1t4.csv,1.0,IZY_IZX_IYX,1t4,2.6667600469e-20,210,8
oie,8.0,1.0,expset,/almac/ignacio/results_srl_env/wsize-8/sample-210/oie_bias-8.0_hitmiss-1.0_bw-1.0_density-expset_ngrams-1t3.csv,1.0,IZY_IZX_IYX,1t3,2.6663543260400002e-20,210,8
oie,8.0,1.0,expset,/almac/ignacio/results_srl_env/wsize-8/sample-210/oie_bias-8.0_hitmiss-1.0_bw-1.0_density-expset_ngrams-1t2.csv,1.0,IZY_IZX_IYX,1t2,2.5669833911699998e-20,210,8
oie,10.0,1.0,expset,/almac/ignacio/results_srl_env/wsize-8/sample-210/oie_bias-10.0_hitmiss-1.0_bw-1.0_density-expset_ngrams-1t4.csv,1.0,IZY_IZX_IYX,1t4,7.67984751418e-21,210,8
oie,10.0,1.0,expset,/almac/ignacio/results_srl_env/wsize-8/sample-210/oie_bias-10.0_hitmiss-1.0_bw-1.0_density-expset_ngrams-1t3.csv,1.0,IZY_IZX_IYX,1t3,7.678624884049999e-21,210,8
oie,10.0,1.0,expset,/almac/ignacio/results_srl_env/wsize-8/sample-210/oie_bias-10.0_hitmiss-1.0_bw-1.0_density-expset_ngrams-1t2.csv,1.0,IZY_IZX_IYX,1t2,7.38232840721e-21,210,8
oie,8.0,2.0,gausset,/almac/ignacio/results_srl_env/wsize-8/sample-210/oie_bias-8.0_hitmiss-1.0_bw-2.0_density-gausset_ngrams-2t3.csv,1.0,IZY_IZX_IYX,2t3,3.3295650430399997e-21,210,8
oie,5.0,4.0,gausset,/almac/ignacio/results_srl_env/wsize-8/sample-210/oie_bias-5.0_hitmiss-1.0_bw-4.0_density-gausset_ngrams-1t2.csv,1.0,IZY_IZX_IYX,1t2,1.2676340424299999e-21,210,8
oie,0.0,1.0,expset,/almac/ignacio/results_srl_env/wsize-8/sample-210/oie_bias-0.0_hitmiss-1.0_bw-1.0_density-expset_ngrams-1t2.csv,1.0,IZY_IZX_IYX,1t2,1.17187242456e-21,210,8
oie,0.0,1.0,expset,/almac/ignacio/results_srl_env/wsize-8/sample-210/oie_bias-0.0_hitmiss-1.0_bw-1.0_density-expset_ngrams-1t4.csv,1.0,IZY_IZX_IYX,1t4,1.1398660188499999e-21,210,8
oie,0.0,1.0,expset,/almac/ignacio/results_srl_env/wsize-8/sample-210/oie_bias-0.0_hitmiss-1.0_bw-1.0_density-expset_ngrams-1t3.csv,1.0,IZY_IZX_IYX,1t3,1.1398638664899999e-21,210,8
oie,0.0,1.0,expset,/almac/ignacio/results_srl_env/wsize-8/sample-210/oie_bias-0.0_hitmiss-1.0_bw-1.0_density-expset_ngrams-2t4.csv,1.0,IZY_IZX_IYX,2t4,4.52882059301e-22,210,8
oie,0.0,1.0,expset,/almac/ignacio/results_srl_env/wsize-8/sample-210/oie_bias-0.0_hitmiss-1.0_bw-1.0_density-expset_ngrams-2t3.csv,1.0,IZY_IZX_IYX,2t3,4.502092469509999e-22,210,8
oie,5.0,3.0,gausset,/almac/ignacio/results_srl_env/wsize-8/sample-210/oie_bias-5.0_hitmiss-1.0_bw-3.0_density-gausset_ngrams-1t3.csv,1.0,IZY_IZX_IYX,1t3,2.4630094481799996e-22,210,8
oie,8.0,1.0,gausset,/almac/ignacio/results_srl_env/wsize-8/sample-210/oie_bias-8.0_hitmiss-1.0_bw-1.0_density-gausset_ngrams-1t3.csv,1.0,IZY_IZX_IYX,1t3,1.06232258867e-22,210,8
oie,10.0,1.0,gausset,/almac/ignacio/results_srl_env/wsize-8/sample-210/oie_bias-10.0_hitmiss-1.0_bw-1.0_density-gausset_ngrams-2t4.csv,1.0,IZY_IZX_IYX,2t4,4.7048446225399997e-23,210,8
oie,2.0,1.0,gausset,/almac/ignacio/results_srl_env/wsize-8/sample-210/oie_bias-2.0_hitmiss-1.0_bw-1.0_density-gausset_ngrams-2t4.csv,1.0,IZY_IZX_IYX,2t4,4.6573532543699994e-23,210,8
oie,8.0,1.0,gausset,/almac/ignacio/results_srl_env/wsize-8/sample-210/oie_bias-8.0_hitmiss-1.0_bw-1.0_density-gausset_ngrams-2t4.csv,1.0,IZY_IZX_IYX,2t4,2.17794252653e-23,210,8
oie,0.0,1.0,gausset,/almac/ignacio/results_srl_env/wsize-8/sample-210/oie_bias-0.0_hitmiss-1.0_bw-1.0_density-gausset_ngrams-2t4.csv,1.0,IZY_IZX_IYX,2t4,1.40801407558e-23,210,8
oie,10.0,1.0,gausset,/almac/ignacio/results_srl_env/wsize-8/sample-210/oie_bias-10.0_hitmiss-1.0_bw-1.0_density-gausset_ngrams-1t3.csv,1.0,IZY_IZX_IYX,1t3,4.4753509831399995e-24,210,8
oie,5.0,1.0,gausset,/almac/ignacio/results_srl_env/wsize-8/sample-210/oie_bias-5.0_hitmiss-1.0_bw-1.0_density-gausset_ngrams-1t3.csv,1.0,IZY_IZX_IYX,1t3,1.5557274592200002e-24,210,8
oie,10.0,1.0,gausset,/almac/ignacio/results_srl_env/wsize-8/sample-210/oie_bias-10.0_hitmiss-1.0_bw-1.0_density-gausset_ngrams-1t4.csv,1.0,IZY_IZX_IYX,1t4,6.820570399889999e-25,210,8
oie,5.0,1.0,gausset,/almac/ignacio/results_srl_env/wsize-8/sample-210/oie_bias-5.0_hitmiss-1.0_bw-1.0_density-gausset_ngrams-2t4.csv,1.0,IZY_IZX_IYX,2t4,5.46905184509e-25,210,8
oie,2.0,1.0,gausset,/almac/ignacio/results_srl_env/wsize-8/sample-210/oie_bias-2.0_hitmiss-1.0_bw-1.0_density-gausset_ngrams-1t3.csv,1.0,IZY_IZX_IYX,1t3,5.216711027499999e-25,210,8
oie,0.0,3.0,gausset,/almac/ignacio/results_srl_env/wsize-8/sample-210/oie_bias-0.0_hitmiss-1.0_bw-3.0_density-gausset_ngrams-1t2.csv,1.0,IZY_IZX_IYX,1t2,3.1486083671299998e-25,210,8
oie,0.0,2.0,gausset,/almac/ignacio/results_srl_env/wsize-8/sample-210/oie_bias-0.0_hitmiss-1.0_bw-2.0_density-gausset_ngrams-2t3.csv,1.0,IZY_IZX_IYX,2t3,1.11235807145e-25,210,8
oie,5.0,2.0,gausset,/almac/ignacio/results_srl_env/wsize-8/sample-210/oie_bias-5.0_hitmiss-1.0_bw-2.0_density-gausset_ngrams-2t3.csv,1.0,IZY_IZX_IYX,2t3,6.90850982517e-26,210,8
oie,2.0,2.0,gausset,/almac/ignacio/results_srl_env/wsize-8/sample-210/oie_bias-2.0_hitmiss-1.0_bw-2.0_density-gausset_ngrams-2t3.csv,1.0,IZY_IZX_IYX,2t3,3.79733848581e-26,210,8
oie,5.0,2.0,gausset,/almac/ignacio/results_srl_env/wsize-8/sample-210/oie_bias-5.0_hitmiss-1.0_bw-2.0_density-gausset_ngrams-1t2.csv,1.0,IZY_IZX_IYX,1t2,2.82585006066e-26,210,8
oie,5.0,3.0,gausset,/almac/ignacio/results_srl_env/wsize-8/sample-210/oie_bias-5.0_hitmiss-1.0_bw-3.0_density-gausset_ngrams-1t4.csv,1.0,IZY_IZX_IYX,1t4,1.3417525792699998e-27,210,8
oie,8.0,2.0,gausset,/almac/ignacio/results_srl_env/wsize-8/sample-210/oie_bias-8.0_hitmiss-1.0_bw-2.0_density-gausset_ngrams-1t2.csv,1.0,IZY_IZX_IYX,1t2,1.0716103651799999e-28,210,8
oie,8.0,2.0,gausset,/almac/ignacio/results_srl_env/wsize-8/sample-210/oie_bias-8.0_hitmiss-1.0_bw-2.0_density-gausset_ngrams-1t3.csv,1.0,IZY_IZX_IYX,1t3,9.41466340137e-29,210,8
oie,0.0,1.0,gausset,/almac/ignacio/results_srl_env/wsize-8/sample-210/oie_bias-0.0_hitmiss-1.0_bw-1.0_density-gausset_ngrams-1t3.csv,1.0,IZY_IZX_IYX,1t3,5.0390958260699997e-29,210,8
oie,2.0,2.0,gausset,/almac/ignacio/results_srl_env/wsize-8/sample-210/oie_bias-2.0_hitmiss-1.0_bw-2.0_density-gausset_ngrams-1t2.csv,1.0,IZY_IZX_IYX,1t2,2.45740283897e-29,210,8
oie,5.0,4.0,gausset,/almac/ignacio/results_srl_env/wsize-8/sample-210/oie_bias-5.0_hitmiss-1.0_bw-4.0_density-gausset_ngrams-1t4.csv,1.0,IZY_IZX_IYX,1t4,1.53103881394e-29,210,8
oie,10.0,2.0,gausset,/almac/ignacio/results_srl_env/wsize-8/sample-210/oie_bias-10.0_hitmiss-1.0_bw-2.0_density-gausset_ngrams-1t2.csv,1.0,IZY_IZX_IYX,1t2,6.576540603539999e-30,210,8
oie,5.0,5.0,gausset,/almac/ignacio/results_srl_env/wsize-8/sample-210/oie_bias-5.0_hitmiss-1.0_bw-5.0_density-gausset_ngrams-1t3.csv,1.0,IZY_IZX_IYX,1t3,5.2127941496000005e-30,210,8
oie,8.0,2.0,gausset,/almac/ignacio/results_srl_env/wsize-8/sample-210/oie_bias-8.0_hitmiss-1.0_bw-2.0_density-gausset_ngrams-1t4.csv,1.0,IZY_IZX_IYX,1t4,3.05650397809e-30,210,8
oie,10.0,2.0,gausset,/almac/ignacio/results_srl_env/wsize-8/sample-210/oie_bias-10.0_hitmiss-1.0_bw-2.0_density-gausset_ngrams-2t3.csv,1.0,IZY_IZX_IYX,2t3,1.15884533653e-30,210,8
oie,5.0,4.0,gausset,/almac/ignacio/results_srl_env/wsize-8/sample-210/oie_bias-5.0_hitmiss-1.0_bw-4.0_density-gausset_ngrams-1t3.csv,1.0,IZY_IZX_IYX,1t3,1.08610703379e-30,210,8
oie,8.0,3.0,gausset,/almac/ignacio/results_srl_env/wsize-8/sample-210/oie_bias-8.0_hitmiss-1.0_bw-3.0_density-gausset_ngrams-1t2.csv,1.0,IZY_IZX_IYX,1t2,9.72647929469e-31,210,8
oie,5.0,5.0,gausset,/almac/ignacio/results_srl_env/wsize-8/sample-210/oie_bias-5.0_hitmiss-1.0_bw-5.0_density-gausset_ngrams-2t4.csv,1.0,IZY_IZX_IYX,2t4,2.49087496438e-31,210,8
oie,5.0,4.0,gausset,/almac/ignacio/results_srl_env/wsize-8/sample-210/oie_bias-5.0_hitmiss-1.0_bw-4.0_density-gausset_ngrams-2t4.csv,1.0,IZY_IZX_IYX,2t4,1.86206675192e-31,210,8
oie,5.0,5.0,gausset,/almac/ignacio/results_srl_env/wsize-8/sample-210/oie_bias-5.0_hitmiss-1.0_bw-5.0_density-gausset_ngrams-1t4.csv,1.0,IZY_IZX_IYX,1t4,1.4601025588099998e-31,210,8
oie,0.0,2.0,gausset,/almac/ignacio/results_srl_env/wsize-8/sample-210/oie_bias-0.0_hitmiss-1.0_bw-2.0_density-gausset_ngrams-1t2.csv,1.0,IZY_IZX_IYX,1t2,8.424897797599998e-34,210,8
oie,0.0,2.0,expset,/almac/ignacio/results_srl_env/wsize-8/sample-210/oie_bias-0.0_hitmiss-1.0_bw-2.0_density-expset_ngrams-2t4.csv,1.0,IZY_IZX_IYX,2t4,2.4699135518599994e-38,210,8
oie,0.0,2.0,expset,/almac/ignacio/results_srl_env/wsize-8/sample-210/oie_bias-0.0_hitmiss-1.0_bw-2.0_density-expset_ngrams-2t3.csv,1.0,IZY_IZX_IYX,2t3,2.46947094496e-38,210,8
oie,5.0,1.0,gausset,/almac/ignacio/results_srl_env/wsize-8/sample-210/oie_bias-5.0_hitmiss-1.0_bw-1.0_density-gausset_ngrams-2t3.csv,1.0,IZY_IZX_IYX,2t3,3.8987383553300004e-40,210,8
oie,10.0,1.0,gausset,/almac/ignacio/results_srl_env/wsize-8/sample-210/oie_bias-10.0_hitmiss-1.0_bw-1.0_density-gausset_ngrams-2t3.csv,1.0,IZY_IZX_IYX,2t3,3.52220372269e-40,210,8
oie,2.0,1.0,gausset,/almac/ignacio/results_srl_env/wsize-8/sample-210/oie_bias-2.0_hitmiss-1.0_bw-1.0_density-gausset_ngrams-2t3.csv,1.0,IZY_IZX_IYX,2t3,1.53920062365e-40,210,8
oie,0.0,1.0,gausset,/almac/ignacio/results_srl_env/wsize-8/sample-210/oie_bias-0.0_hitmiss-1.0_bw-1.0_density-gausset_ngrams-2t3.csv,1.0,IZY_IZX_IYX,2t3,3.1957365270799997e-41,210,8
oie,8.0,1.0,gausset,/almac/ignacio/results_srl_env/wsize-8/sample-210/oie_bias-8.0_hitmiss-1.0_bw-1.0_density-gausset_ngrams-2t3.csv,1.0,IZY_IZX_IYX,2t3,4.24022743284e-43,210,8
oie,10.0,2.0,gausset,/almac/ignacio/results_srl_env/wsize-8/sample-210/oie_bias-10.0_hitmiss-1.0_bw-2.0_density-gausset_ngrams-1t3.csv,1.0,IZY_IZX_IYX,1t3,1.0878932069999998e-43,210,8
oie,10.0,1.0,gausset,/almac/ignacio/results_srl_env/wsize-8/sample-210/oie_bias-10.0_hitmiss-1.0_bw-1.0_density-gausset_ngrams-1t2.csv,1.0,IZY_IZX_IYX,1t2,2.3499143310799996e-44,210,8
oie,8.0,3.0,gausset,/almac/ignacio/results_srl_env/wsize-8/sample-210/oie_bias-8.0_hitmiss-1.0_bw-3.0_density-gausset_ngrams-2t4.csv,1.0,IZY_IZX_IYX,2t4,1.49573938545e-45,210,8
oie,8.0,5.0,gausset,/almac/ignacio/results_srl_env/wsize-8/sample-210/oie_bias-8.0_hitmiss-1.0_bw-5.0_density-gausset_ngrams-1t4.csv,1.0,IZY_IZX_IYX,1t4,1.35611579486e-45,210,8
oie,8.0,5.0,gausset,/almac/ignacio/results_srl_env/wsize-8/sample-210/oie_bias-8.0_hitmiss-1.0_bw-5.0_density-gausset_ngrams-1t3.csv,1.0,IZY_IZX_IYX,1t3,1.2330406344499998e-46,210,8
oie,8.0,3.0,gausset,/almac/ignacio/results_srl_env/wsize-8/sample-210/oie_bias-8.0_hitmiss-1.0_bw-3.0_density-gausset_ngrams-1t3.csv,1.0,IZY_IZX_IYX,1t3,5.627521375e-47,210,8
oie,8.0,4.0,gausset,/almac/ignacio/results_srl_env/wsize-8/sample-210/oie_bias-8.0_hitmiss-1.0_bw-4.0_density-gausset_ngrams-1t4.csv,1.0,IZY_IZX_IYX,1t4,4.0410215262399996e-48,210,8
oie,8.0,3.0,gausset,/almac/ignacio/results_srl_env/wsize-8/sample-210/oie_bias-8.0_hitmiss-1.0_bw-3.0_density-gausset_ngrams-1t4.csv,1.0,IZY_IZX_IYX,1t4,3.05819560744e-48,210,8
oie,8.0,1.0,gausset,/almac/ignacio/results_srl_env/wsize-8/sample-210/oie_bias-8.0_hitmiss-1.0_bw-1.0_density-gausset_ngrams-1t2.csv,1.0,IZY_IZX_IYX,1t2,4.257307778279999e-49,210,8
oie,8.0,5.0,gausset,/almac/ignacio/results_srl_env/wsize-8/sample-210/oie_bias-8.0_hitmiss-1.0_bw-5.0_density-gausset_ngrams-1t2.csv,1.0,IZY_IZX_IYX,1t2,3.783900181279999e-49,210,8
oie,8.0,4.0,gausset,/almac/ignacio/results_srl_env/wsize-8/sample-210/oie_bias-8.0_hitmiss-1.0_bw-4.0_density-gausset_ngrams-1t3.csv,1.0,IZY_IZX_IYX,1t3,2.95911385007e-49,210,8
oie,8.0,4.0,gausset,/almac/ignacio/results_srl_env/wsize-8/sample-210/oie_bias-8.0_hitmiss-1.0_bw-4.0_density-gausset_ngrams-1t2.csv,1.0,IZY_IZX_IYX,1t2,1.2479370677000001e-51,210,8
oie,10.0,3.0,gausset,/almac/ignacio/results_srl_env/wsize-8/sample-210/oie_bias-10.0_hitmiss-1.0_bw-3.0_density-gausset_ngrams-1t4.csv,1.0,IZY_IZX_IYX,1t4,2.6178495518199993e-53,210,8
oie,10.0,3.0,gausset,/almac/ignacio/results_srl_env/wsize-8/sample-210/oie_bias-10.0_hitmiss-1.0_bw-3.0_density-gausset_ngrams-1t3.csv,1.0,IZY_IZX_IYX,1t3,2.6999387156099994e-54,210,8
oie,5.0,1.0,gausset,/almac/ignacio/results_srl_env/wsize-8/sample-210/oie_bias-5.0_hitmiss-1.0_bw-1.0_density-gausset_ngrams-1t2.csv,1.0,IZY_IZX_IYX,1t2,1.9341722517299996e-56,210,8
oie,0.0,3.0,expset,/almac/ignacio/results_srl_env/wsize-8/sample-210/oie_bias-0.0_hitmiss-1.0_bw-3.0_density-expset_ngrams-2t4.csv,1.0,IZY_IZX_IYX,2t4,7.912185655019998e-57,210,8
oie,0.0,3.0,expset,/almac/ignacio/results_srl_env/wsize-8/sample-210/oie_bias-0.0_hitmiss-1.0_bw-3.0_density-expset_ngrams-2t3.csv,1.0,IZY_IZX_IYX,2t3,7.912172173669999e-57,210,8
oie,10.0,2.0,gausset,/almac/ignacio/results_srl_env/wsize-8/sample-210/oie_bias-10.0_hitmiss-1.0_bw-2.0_density-gausset_ngrams-1t4.csv,1.0,IZY_IZX_IYX,1t4,1.5254905431999997e-57,210,8
oie,8.0,4.0,gausset,/almac/ignacio/results_srl_env/wsize-8/sample-210/oie_bias-8.0_hitmiss-1.0_bw-4.0_density-gausset_ngrams-2t3.csv,1.0,IZY_IZX_IYX,2t3,4.789359830269999e-58,210,8
oie,10.0,3.0,gausset,/almac/ignacio/results_srl_env/wsize-8/sample-210/oie_bias-10.0_hitmiss-1.0_bw-3.0_density-gausset_ngrams-1t2.csv,1.0,IZY_IZX_IYX,1t2,1.1316484015199998e-58,210,8
oie,10.0,3.0,gausset,/almac/ignacio/results_srl_env/wsize-8/sample-210/oie_bias-10.0_hitmiss-1.0_bw-3.0_density-gausset_ngrams-2t3.csv,1.0,IZY_IZX_IYX,2t3,8.44239140116e-62,210,8
oie,2.0,1.0,gausset,/almac/ignacio/results_srl_env/wsize-8/sample-210/oie_bias-2.0_hitmiss-1.0_bw-1.0_density-gausset_ngrams-1t2.csv,1.0,IZY_IZX_IYX,1t2,8.325298155529998e-63,210,8
oie,8.0,5.0,gausset,/almac/ignacio/results_srl_env/wsize-8/sample-210/oie_bias-8.0_hitmiss-1.0_bw-5.0_density-gausset_ngrams-2t4.csv,1.0,IZY_IZX_IYX,2t4,3.594714066379999e-63,210,8
oie,0.0,4.0,expset,/almac/ignacio/results_srl_env/wsize-8/sample-210/oie_bias-0.0_hitmiss-1.0_bw-4.0_density-expset_ngrams-2t4.csv,1.0,IZY_IZX_IYX,2t4,3.861538037669999e-65,210,8
oie,0.0,4.0,expset,/almac/ignacio/results_srl_env/wsize-8/sample-210/oie_bias-0.0_hitmiss-1.0_bw-4.0_density-expset_ngrams-2t3.csv,1.0,IZY_IZX_IYX,2t3,3.8615379871299995e-65,210,8
oie,8.0,5.0,gausset,/almac/ignacio/results_srl_env/wsize-8/sample-210/oie_bias-8.0_hitmiss-1.0_bw-5.0_density-gausset_ngrams-2t3.csv,1.0,IZY_IZX_IYX,2t3,3.804513334019999e-66,210,8
oie,8.0,4.0,gausset,/almac/ignacio/results_srl_env/wsize-8/sample-210/oie_bias-8.0_hitmiss-1.0_bw-4.0_density-gausset_ngrams-2t4.csv,1.0,IZY_IZX_IYX,2t4,1.1652762728499998e-68,210,8
oie,0.0,5.0,expset,/almac/ignacio/results_srl_env/wsize-8/sample-210/oie_bias-0.0_hitmiss-1.0_bw-5.0_density-expset_ngrams-2t4.csv,1.0,IZY_IZX_IYX,2t4,2.4946118947299997e-70,210,8
oie,0.0,5.0,expset,/almac/ignacio/results_srl_env/wsize-8/sample-210/oie_bias-0.0_hitmiss-1.0_bw-5.0_density-expset_ngrams-2t3.csv,1.0,IZY_IZX_IYX,2t3,2.4946118944999998e-70,210,8
oie,10.0,3.0,gausset,/almac/ignacio/results_srl_env/wsize-8/sample-210/oie_bias-10.0_hitmiss-1.0_bw-3.0_density-gausset_ngrams-2t4.csv,1.0,IZY_IZX_IYX,2t4,6.815939899499999e-71,210,8
oie,0.0,1.0,gausset,/almac/ignacio/results_srl_env/wsize-8/sample-210/oie_bias-0.0_hitmiss-1.0_bw-1.0_density-gausset_ngrams-1t2.csv,1.0,IZY_IZX_IYX,1t2,1.0973799138299999e-74,210,8
oie,2.0,4.0,expset,/almac/ignacio/results_srl_env/wsize-8/sample-210/oie_bias-2.0_hitmiss-1.0_bw-4.0_density-expset_ngrams-2t4.csv,1.0,IZY_IZX_IYX,2t4,9.903268573689999e-94,210,8
oie,2.0,4.0,expset,/almac/ignacio/results_srl_env/wsize-8/sample-210/oie_bias-2.0_hitmiss-1.0_bw-4.0_density-expset_ngrams-2t3.csv,1.0,IZY_IZX_IYX,2t3,9.903268380879997e-94,210,8
oie,2.0,5.0,expset,/almac/ignacio/results_srl_env/wsize-8/sample-210/oie_bias-2.0_hitmiss-1.0_bw-5.0_density-expset_ngrams-2t4.csv,1.0,IZY_IZX_IYX,2t4,8.298443055789998e-94,210,8
oie,2.0,5.0,expset,/almac/ignacio/results_srl_env/wsize-8/sample-210/oie_bias-2.0_hitmiss-1.0_bw-5.0_density-expset_ngrams-2t3.csv,1.0,IZY_IZX_IYX,2t3,8.298443054649998e-94,210,8
oie,2.0,3.0,expset,/almac/ignacio/results_srl_env/wsize-8/sample-210/oie_bias-2.0_hitmiss-1.0_bw-3.0_density-expset_ngrams-2t4.csv,1.0,IZY_IZX_IYX,2t4,3.2327131643799994e-95,210,8
oie,2.0,3.0,expset,/almac/ignacio/results_srl_env/wsize-8/sample-210/oie_bias-2.0_hitmiss-1.0_bw-3.0_density-expset_ngrams-2t3.csv,1.0,IZY_IZX_IYX,2t3,3.232703876169999e-95,210,8
oie,2.0,2.0,expset,/almac/ignacio/results_srl_env/wsize-8/sample-210/oie_bias-2.0_hitmiss-1.0_bw-2.0_density-expset_ngrams-2t4.csv,1.0,IZY_IZX_IYX,2t4,3.9449147091999984e-102,210,8
oie,2.0,2.0,expset,/almac/ignacio/results_srl_env/wsize-8/sample-210/oie_bias-2.0_hitmiss-1.0_bw-2.0_density-expset_ngrams-2t3.csv,1.0,IZY_IZX_IYX,2t3,3.943124429509999e-102,210,8
oie,5.0,5.0,expset,/almac/ignacio/results_srl_env/wsize-8/sample-210/oie_bias-5.0_hitmiss-1.0_bw-5.0_density-expset_ngrams-2t4.csv,1.0,IZY_IZX_IYX,2t4,5.149291332259998e-103,210,8
oie,5.0,5.0,expset,/almac/ignacio/results_srl_env/wsize-8/sample-210/oie_bias-5.0_hitmiss-1.0_bw-5.0_density-expset_ngrams-2t3.csv,1.0,IZY_IZX_IYX,2t3,5.149291331459999e-103,210,8
oie,5.0,4.0,expset,/almac/ignacio/results_srl_env/wsize-8/sample-210/oie_bias-5.0_hitmiss-1.0_bw-4.0_density-expset_ngrams-2t4.csv,1.0,IZY_IZX_IYX,2t4,5.638693710909998e-104,210,8
oie,5.0,4.0,expset,/almac/ignacio/results_srl_env/wsize-8/sample-210/oie_bias-5.0_hitmiss-1.0_bw-4.0_density-expset_ngrams-2t3.csv,1.0,IZY_IZX_IYX,2t3,5.638693586989999e-104,210,8
oie,8.0,5.0,expset,/almac/ignacio/results_srl_env/wsize-8/sample-210/oie_bias-8.0_hitmiss-1.0_bw-5.0_density-expset_ngrams-2t4.csv,1.0,IZY_IZX_IYX,2t4,1.6341438584199996e-106,210,8
oie,8.0,5.0,expset,/almac/ignacio/results_srl_env/wsize-8/sample-210/oie_bias-8.0_hitmiss-1.0_bw-5.0_density-expset_ngrams-2t3.csv,1.0,IZY_IZX_IYX,2t3,1.6341438581499996e-106,210,8
oie,5.0,3.0,expset,/almac/ignacio/results_srl_env/wsize-8/sample-210/oie_bias-5.0_hitmiss-1.0_bw-3.0_density-expset_ngrams-2t4.csv,1.0,IZY_IZX_IYX,2t4,2.96143834018e-107,210,8
oie,5.0,3.0,expset,/almac/ignacio/results_srl_env/wsize-8/sample-210/oie_bias-5.0_hitmiss-1.0_bw-3.0_density-expset_ngrams-2t3.csv,1.0,IZY_IZX_IYX,2t3,2.9614286443499997e-107,210,8
oie,8.0,4.0,expset,/almac/ignacio/results_srl_env/wsize-8/sample-210/oie_bias-8.0_hitmiss-1.0_bw-4.0_density-expset_ngrams-2t4.csv,1.0,IZY_IZX_IYX,2t4,1.0088296091099998e-107,210,8
oie,8.0,4.0,expset,/almac/ignacio/results_srl_env/wsize-8/sample-210/oie_bias-8.0_hitmiss-1.0_bw-4.0_density-expset_ngrams-2t3.csv,1.0,IZY_IZX_IYX,2t3,1.0088295859899999e-107,210,8
oie,10.0,5.0,expset,/almac/ignacio/results_srl_env/wsize-8/sample-210/oie_bias-10.0_hitmiss-1.0_bw-5.0_density-expset_ngrams-2t4.csv,1.0,IZY_IZX_IYX,2t4,7.634601477219997e-108,210,8
oie,10.0,5.0,expset,/almac/ignacio/results_srl_env/wsize-8/sample-210/oie_bias-10.0_hitmiss-1.0_bw-5.0_density-expset_ngrams-2t3.csv,1.0,IZY_IZX_IYX,2t3,7.63460147595e-108,210,8
oie,10.0,4.0,expset,/almac/ignacio/results_srl_env/wsize-8/sample-210/oie_bias-10.0_hitmiss-1.0_bw-4.0_density-expset_ngrams-2t4.csv,1.0,IZY_IZX_IYX,2t4,3.974160928569999e-109,210,8
oie,10.0,4.0,expset,/almac/ignacio/results_srl_env/wsize-8/sample-210/oie_bias-10.0_hitmiss-1.0_bw-4.0_density-expset_ngrams-2t3.csv,1.0,IZY_IZX_IYX,2t3,3.974160836039999e-109,210,8
oie,8.0,3.0,expset,/almac/ignacio/results_srl_env/wsize-8/sample-210/oie_bias-8.0_hitmiss-1.0_bw-3.0_density-expset_ngrams-2t4.csv,1.0,IZY_IZX_IYX,2t4,1.9816024215099995e-111,210,8
oie,8.0,3.0,expset,/almac/ignacio/results_srl_env/wsize-8/sample-210/oie_bias-8.0_hitmiss-1.0_bw-3.0_density-expset_ngrams-2t3.csv,1.0,IZY_IZX_IYX,2t3,1.9815956503999997e-111,210,8
oie,10.0,3.0,expset,/almac/ignacio/results_srl_env/wsize-8/sample-210/oie_bias-10.0_hitmiss-1.0_bw-3.0_density-expset_ngrams-2t4.csv,1.0,IZY_IZX_IYX,2t4,5.792932137059997e-113,210,8
oie,10.0,3.0,expset,/almac/ignacio/results_srl_env/wsize-8/sample-210/oie_bias-10.0_hitmiss-1.0_bw-3.0_density-expset_ngrams-2t3.csv,1.0,IZY_IZX_IYX,2t3,5.792912035409998e-113,210,8
oie,5.0,2.0,expset,/almac/ignacio/results_srl_env/wsize-8/sample-210/oie_bias-5.0_hitmiss-1.0_bw-2.0_density-expset_ngrams-2t4.csv,1.0,IZY_IZX_IYX,2t4,3.299276026219999e-118,210,8
oie,5.0,2.0,expset,/almac/ignacio/results_srl_env/wsize-8/sample-210/oie_bias-5.0_hitmiss-1.0_bw-2.0_density-expset_ngrams-2t3.csv,1.0,IZY_IZX_IYX,2t3,3.297526046449999e-118,210,8
oie,8.0,2.0,expset,/almac/ignacio/results_srl_env/wsize-8/sample-210/oie_bias-8.0_hitmiss-1.0_bw-2.0_density-expset_ngrams-2t4.csv,1.0,IZY_IZX_IYX,2t4,2.487879784929999e-123,210,8
oie,8.0,2.0,expset,/almac/ignacio/results_srl_env/wsize-8/sample-210/oie_bias-8.0_hitmiss-1.0_bw-2.0_density-expset_ngrams-2t3.csv,1.0,IZY_IZX_IYX,2t3,2.4864977030899994e-123,210,8
oie,10.0,2.0,expset,/almac/ignacio/results_srl_env/wsize-8/sample-210/oie_bias-10.0_hitmiss-1.0_bw-2.0_density-expset_ngrams-2t4.csv,1.0,IZY_IZX_IYX,2t4,3.700352039999999e-125,210,8
oie,10.0,2.0,expset,/almac/ignacio/results_srl_env/wsize-8/sample-210/oie_bias-10.0_hitmiss-1.0_bw-2.0_density-expset_ngrams-2t3.csv,1.0,IZY_IZX_IYX,2t3,3.6982629409999985e-125,210,8
oie,2.0,1.0,expset,/almac/ignacio/results_srl_env/wsize-8/sample-210/oie_bias-2.0_hitmiss-1.0_bw-1.0_density-expset_ngrams-2t4.csv,1.0,IZY_IZX_IYX,2t4,7.290242655559999e-134,210,8
oie,2.0,1.0,expset,/almac/ignacio/results_srl_env/wsize-8/sample-210/oie_bias-2.0_hitmiss-1.0_bw-1.0_density-expset_ngrams-2t3.csv,1.0,IZY_IZX_IYX,2t3,6.637782726899998e-134,210,8
oie,5.0,1.0,expset,/almac/ignacio/results_srl_env/wsize-8/sample-210/oie_bias-5.0_hitmiss-1.0_bw-1.0_density-expset_ngrams-2t4.csv,1.0,IZY_IZX_IYX,2t4,1.9570948887999995e-166,210,8
oie,5.0,1.0,expset,/almac/ignacio/results_srl_env/wsize-8/sample-210/oie_bias-5.0_hitmiss-1.0_bw-1.0_density-expset_ngrams-2t3.csv,1.0,IZY_IZX_IYX,2t3,1.7391411974199994e-166,210,8
oie,8.0,1.0,expset,/almac/ignacio/results_srl_env/wsize-8/sample-210/oie_bias-8.0_hitmiss-1.0_bw-1.0_density-expset_ngrams-2t4.csv,1.0,IZY_IZX_IYX,2t4,4.1623566290799987e-175,210,8
oie,8.0,1.0,expset,/almac/ignacio/results_srl_env/wsize-8/sample-210/oie_bias-8.0_hitmiss-1.0_bw-1.0_density-expset_ngrams-2t3.csv,1.0,IZY_IZX_IYX,2t3,3.6741254744699994e-175,210,8
oie,10.0,1.0,expset,/almac/ignacio/results_srl_env/wsize-8/sample-210/oie_bias-10.0_hitmiss-1.0_bw-1.0_density-expset_ngrams-2t4.csv,1.0,IZY_IZX_IYX,2t4,4.962942703309998e-178,210,8
oie,10.0,1.0,expset,/almac/ignacio/results_srl_env/wsize-8/sample-210/oie_bias-10.0_hitmiss-1.0_bw-1.0_density-expset_ngrams-2t3.csv,1.0,IZY_IZX_IYX,2t3,4.370835642119999e-178,210,8
oie,8.0,5.0,expset,/almac/ignacio/results_srl_env/wsize-8/sample-210/oie_bias-8.0_hitmiss-1.0_bw-5.0_density-expset_ngrams-3t4.csv,1.0,IZY_IZX_IYX,3t4,0.0,210,8
oie,8.0,4.0,expset,/almac/ignacio/results_srl_env/wsize-8/sample-210/oie_bias-8.0_hitmiss-1.0_bw-4.0_density-expset_ngrams-3t4.csv,1.0,IZY_IZX_IYX,3t4,0.0,210,8
oie,2.0,4.0,expset,/almac/ignacio/results_srl_env/wsize-8/sample-210/oie_bias-2.0_hitmiss-1.0_bw-4.0_density-expset_ngrams-3t4.csv,1.0,IZY_IZX_IYX,3t4,0.0,210,8
oie,0.0,2.0,expset,/almac/ignacio/results_srl_env/wsize-8/sample-210/oie_bias-0.0_hitmiss-1.0_bw-2.0_density-expset_ngrams-3t4.csv,1.0,IZY_IZX_IYX,3t4,0.0,210,8
oie,8.0,3.0,expset,/almac/ignacio/results_srl_env/wsize-8/sample-210/oie_bias-8.0_hitmiss-1.0_bw-3.0_density-expset_ngrams-3t4.csv,1.0,IZY_IZX_IYX,3t4,0.0,210,8
oie,2.0,3.0,expset,/almac/ignacio/results_srl_env/wsize-8/sample-210/oie_bias-2.0_hitmiss-1.0_bw-3.0_density-expset_ngrams-3t4.csv,1.0,IZY_IZX_IYX,3t4,0.0,210,8
oie,2.0,5.0,expset,/almac/ignacio/results_srl_env/wsize-8/sample-210/oie_bias-2.0_hitmiss-1.0_bw-5.0_density-expset_ngrams-3t4.csv,1.0,IZY_IZX_IYX,3t4,0.0,210,8
oie,2.0,2.0,expset,/almac/ignacio/results_srl_env/wsize-8/sample-210/oie_bias-2.0_hitmiss-1.0_bw-2.0_density-expset_ngrams-3t4.csv,1.0,IZY_IZX_IYX,3t4,0.0,210,8
oie,2.0,1.0,expset,/almac/ignacio/results_srl_env/wsize-8/sample-210/oie_bias-2.0_hitmiss-1.0_bw-1.0_density-expset_ngrams-3t4.csv,1.0,IZY_IZX_IYX,3t4,0.0,210,8
oie,5.0,1.0,expset,/almac/ignacio/results_srl_env/wsize-8/sample-210/oie_bias-5.0_hitmiss-1.0_bw-1.0_density-expset_ngrams-3t4.csv,1.0,IZY_IZX_IYX,3t4,0.0,210,8
oie,10.0,5.0,expset,/almac/ignacio/results_srl_env/wsize-8/sample-210/oie_bias-10.0_hitmiss-1.0_bw-5.0_density-expset_ngrams-3t4.csv,1.0,IZY_IZX_IYX,3t4,0.0,210,8
oie,10.0,4.0,expset,/almac/ignacio/results_srl_env/wsize-8/sample-210/oie_bias-10.0_hitmiss-1.0_bw-4.0_density-expset_ngrams-3t4.csv,1.0,IZY_IZX_IYX,3t4,0.0,210,8
oie,5.0,2.0,expset,/almac/ignacio/results_srl_env/wsize-8/sample-210/oie_bias-5.0_hitmiss-1.0_bw-2.0_density-expset_ngrams-3t4.csv,1.0,IZY_IZX_IYX,3t4,0.0,210,8
oie,5.0,3.0,expset,/almac/ignacio/results_srl_env/wsize-8/sample-210/oie_bias-5.0_hitmiss-1.0_bw-3.0_density-expset_ngrams-3t4.csv,1.0,IZY_IZX_IYX,3t4,0.0,210,8
oie,10.0,3.0,expset,/almac/ignacio/results_srl_env/wsize-8/sample-210/oie_bias-10.0_hitmiss-1.0_bw-3.0_density-expset_ngrams-3t4.csv,1.0,IZY_IZX_IYX,3t4,0.0,210,8
oie,5.0,4.0,expset,/almac/ignacio/results_srl_env/wsize-8/sample-210/oie_bias-5.0_hitmiss-1.0_bw-4.0_density-expset_ngrams-3t4.csv,1.0,IZY_IZX_IYX,3t4,0.0,210,8
oie,10.0,2.0,expset,/almac/ignacio/results_srl_env/wsize-8/sample-210/oie_bias-10.0_hitmiss-1.0_bw-2.0_density-expset_ngrams-3t4.csv,1.0,IZY_IZX_IYX,3t4,0.0,210,8
oie,5.0,5.0,expset,/almac/ignacio/results_srl_env/wsize-8/sample-210/oie_bias-5.0_hitmiss-1.0_bw-5.0_density-expset_ngrams-3t4.csv,1.0,IZY_IZX_IYX,3t4,0.0,210,8
oie,10.0,1.0,expset,/almac/ignacio/results_srl_env/wsize-8/sample-210/oie_bias-10.0_hitmiss-1.0_bw-1.0_density-expset_ngrams-3t4.csv,1.0,IZY_IZX_IYX,3t4,0.0,210,8
oie,0.0,5.0,expset,/almac/ignacio/results_srl_env/wsize-8/sample-210/oie_bias-0.0_hitmiss-1.0_bw-5.0_density-expset_ngrams-3t4.csv,1.0,IZY_IZX_IYX,3t4,0.0,210,8
oie,8.0,1.0,expset,/almac/ignacio/results_srl_env/wsize-8/sample-210/oie_bias-8.0_hitmiss-1.0_bw-1.0_density-expset_ngrams-3t4.csv,1.0,IZY_IZX_IYX,3t4,0.0,210,8
oie,0.0,4.0,expset,/almac/ignacio/results_srl_env/wsize-8/sample-210/oie_bias-0.0_hitmiss-1.0_bw-4.0_density-expset_ngrams-3t4.csv,1.0,IZY_IZX_IYX,3t4,0.0,210,8
oie,8.0,2.0,expset,/almac/ignacio/results_srl_env/wsize-8/sample-210/oie_bias-8.0_hitmiss-1.0_bw-2.0_density-expset_ngrams-3t4.csv,1.0,IZY_IZX_IYX,3t4,0.0,210,8
oie,0.0,3.0,expset,/almac/ignacio/results_srl_env/wsize-8/sample-210/oie_bias-0.0_hitmiss-1.0_bw-3.0_density-expset_ngrams-3t4.csv,1.0,IZY_IZX_IYX,3t4,0.0,210,8
oie,10.0,4.0,gausset,/almac/ignacio/results_srl_env/wsize-8/sample-210/oie_bias-10.0_hitmiss-1.0_bw-4.0_density-gausset_ngrams-1t2.csv,1.0,IZY_IZX_IYX,1t2,,210,8
oie,10.0,4.0,gausset,/almac/ignacio/results_srl_env/wsize-8/sample-210/oie_bias-10.0_hitmiss-1.0_bw-4.0_density-gausset_ngrams-1t3.csv,1.0,IZY_IZX_IYX,1t3,,210,8
oie,10.0,4.0,gausset,/almac/ignacio/results_srl_env/wsize-8/sample-210/oie_bias-10.0_hitmiss-1.0_bw-4.0_density-gausset_ngrams-1t4.csv,1.0,IZY_IZX_IYX,1t4,,210,8
oie,10.0,4.0,gausset,/almac/ignacio/results_srl_env/wsize-8/sample-210/oie_bias-10.0_hitmiss-1.0_bw-4.0_density-gausset_ngrams-2t3.csv,1.0,IZY_IZX_IYX,2t3,,210,8
oie,10.0,4.0,gausset,/almac/ignacio/results_srl_env/wsize-8/sample-210/oie_bias-10.0_hitmiss-1.0_bw-4.0_density-gausset_ngrams-2t4.csv,1.0,IZY_IZX_IYX,2t4,,210,8
oie,10.0,4.0,gausset,/almac/ignacio/results_srl_env/wsize-8/sample-210/oie_bias-10.0_hitmiss-1.0_bw-4.0_density-gausset_ngrams-3t4.csv,1.0,IZY_IZX_IYX,3t4,,210,8
oie,10.0,5.0,gausset,/almac/ignacio/results_srl_env/wsize-8/sample-210/oie_bias-10.0_hitmiss-1.0_bw-5.0_density-gausset_ngrams-1t2.csv,1.0,IZY_IZX_IYX,1t2,,210,8
oie,10.0,5.0,gausset,/almac/ignacio/results_srl_env/wsize-8/sample-210/oie_bias-10.0_hitmiss-1.0_bw-5.0_density-gausset_ngrams-1t4.csv,1.0,IZY_IZX_IYX,1t4,,210,8
oie,10.0,5.0,gausset,/almac/ignacio/results_srl_env/wsize-8/sample-210/oie_bias-10.0_hitmiss-1.0_bw-5.0_density-gausset_ngrams-2t3.csv,1.0,IZY_IZX_IYX,2t3,,210,8
oie,10.0,5.0,gausset,/almac/ignacio/results_srl_env/wsize-8/sample-210/oie_bias-10.0_hitmiss-1.0_bw-5.0_density-gausset_ngrams-2t4.csv,1.0,IZY_IZX_IYX,2t4,,210,8
oie,10.0,5.0,gausset,/almac/ignacio/results_srl_env/wsize-8/sample-210/oie_bias-10.0_hitmiss-1.0_bw-5.0_density-gausset_ngrams-3t4.csv,1.0,IZY_IZX_IYX,3t4,,210,8
